MonitoringLocationIdentifier,LatitudeMeasure,LongitudeMeasure,climate_station,climate_station_name,distance_to_climate_station_km
USGS-05474000,40.75365,-91.2770889,IA1060,BURLINGTON,14.179409486390956
USGS-05451210,42.31530556,-93.1521944,IA4142,IOWA-FALLS,27.23069582604307
USGS-05490500,40.72780556,-91.9596139,IA4389,KEOSAUQUA,1.444669204876222
USGS-05465500,41.1780861,-91.1820917,IA1731,COLUMBUS JUNCT 2 SSW,22.372335850642045
USGS-05420500,41.78058635,-90.252073,IA1635,CLINTON-1,2.9382975545389773
21IOWA_WQX-14000607,41.6036,-95.211,IA0364,ATLANTIC-1-NE,31.100797588121175
PCCB_WQX-977311,41.7465,-93.3816,IA0000,Iowa Average,14.638426727371122
21IOWA_WQX-10630003,41.246687,-93.290114,IA1394,CHARITON,27.630909852099553
21IOWA_WQX-10300001,43.318912,-95.181331,IA5493,Milford,2.278245673167016
PCCB_WQX-977108,41.55108,-93.44607,IA2203,Des Moines Airport,22.79680716046969
21IOWA_WQX-22200002,41.040011,-93.805285,IA6316,OSCEOLA-3-WSW,6.539897773966508
PCCB_WQX-977029,41.5678,-93.7509,IATDSM,Des Moines Area,11.506004845393203
PCCB_WQX-977309,41.7366,-93.5706,IA2209,DES MOINES WSFO-JOHNSTON,17.012823776618408
PCCB_WQX-977112,41.60967,-93.75572,IATDSM,Des Moines Area,14.177598776826315
21IOWA_WQX-10030001,43.421498,-91.508917,IA8755,WAUKON,17.149933827484315
21IOWA_WQX-14000359,41.44989,-93.68421,IA2203,Des Moines Airport,9.686052262076494
21IOWA_WQX-14000596,43.286651,-92.469365,IA5952,NEW-HAMPTON,31.117418749086553
PCCB_WQX-977335,41.5753775,-93.6840274,IATDSM,Des Moines Area,5.744164145629348
PCCB_WQX-977333,41.5805449,-93.681976,IATDSM,Des Moines Area,6.090651830005791
PCCB_WQX-977326,41.557909,-93.564256,IA2203,Des Moines Airport,10.026641939882625
21IOWA_WQX-22590002,41.000679,-93.271936,IA1394,CHARITON,5.345006231360538
PCCB_WQX-977102,41.59886,-93.71889,IATDSM,Des Moines Area,10.272836862773481
21IOWA_WQX-10770001,41.688253,-93.7355,IA2209,DES MOINES WSFO-JOHNSTON,5.536393509395286
21IOWA_WQX-10970001,42.26717,-95.89392,IA5123,MAPLETON NO. 2,16.616483092402003
MESKWAKI_DNR-Site 5,41.9671,-92.6386,IA8296,TOLEDO,6.672038440887794
21IOWA_WQX-10840001,43.083908,-96.445121,IA7700,SIOUX CENTER 2 SE,33.03184817395408
21IOWA_WQX-10730001,40.659337,-95.028273,IA1533,CLARINDA,6.748150760578847
21IOWA_WQX-22400004,42.432658,-93.79795,IA8806,WEBSTER-CITY,4.158493228699761
21IOWA_WQX-22470001,42.275811,-95.606917,IA0512,BATTLE CREEK 3NE,11.058313154297476
21IOWA_WQX-21930001,40.716664,-93.398371,IA0149,Allerton,4.161488717084697
PCCB_WQX-977303,41.673,-93.4552,IA0000,Iowa Average,24.370731871356423
21IOWA_WQX-12400007,42.535874,-93.787919,IA8806,WEBSTER-CITY,7.44701773257917
21IOWA_WQX-21130002,42.4799,-94.63332,IA7161,ROCKWELL-CITY,9.007085847679143
21IOWA_WQX-23950007,43.260296,-93.553705,IA2977,FOREST-CITY,8.761972993133497
21IOWA_WQX-22960004,43.175194,-91.91351,IA2110,DECORAH-2-N,21.90108150866561
21IOWA_WQX-22870002,40.837446,-94.541751,IA1962,Creston,27.614193421648906
21IOWA_WQX-10440001,40.925394,-91.673702,IA5796,MOUNT-PLEASANT,14.024514966611948
PCCB_WQX-977305,41.537,-93.6159,IA2203,Des Moines Airport,3.870813425508985
21IOWA_WQX-22070001,42.534295,-92.395797,IA8706,WATERLOO,1.807771791553489
21IOWA_WQX-10070004,42.469475,-92.413605,IA8706,WATERLOO,9.080869451785015
PCCB_WQX-977313,41.7878,-93.791,IA2209,DES MOINES WSFO-JOHNSTON,9.411716207123687
21IOWA_WQX-10750001,42.57637,-96.31233,IA7708,SIOUX-CITY-WSO-AP,21.005426768444163
PCCB_WQX-977310,41.7896,-93.418,IA0000,Iowa Average,19.192695297914216
21IOWA_WQX-14000415,41.812506,-93.740038,IA2209,DES MOINES WSFO-JOHNSTON,8.636008708945443
21IOWA_WQX-23000028,43.313889,-92.674469,IA6305,OSAGE,14.458118479933391
21IOWA_WQX-10400001,42.34116,-93.89245,IA8806,WEBSTER-CITY,17.63298704243423
21IOWA_WQX-22070003,42.461765,-92.289557,IA8706,WATERLOO,15.718680754360435
21IOWA_WQX-10490004,42.070737,-90.695404,IA5131,MAQUOKETA-2-W,0.5175808514635537
PCCB_WQX-977118,41.57409,-93.64819,IATDSM,Des Moines Area,4.4911136699928935
21IOWA_WQX-10500001,41.746157,-93.226094,IA0000,Iowa Average,2.692353840457459
21IOWA_WQX-22620002,41.29513,-92.538181,IAD005,Iowa Drought Region 5 - Southeast,10.836405639219844
21IOWA_WQX-10630002,41.21907,-92.907905,IA6327,OSKALOOSA,30.795545632082145
21IOWA_WQX-10420002,42.31507,-93.15242,IA4142,IOWA-FALLS,27.24161357968138
21IOWA_WQX-22010003,41.387098,-94.437542,IA3438,GREENFIELD,10.335497173303175
21IOWA_WQX-21910001,41.290152,-93.590971,IA2203,Des Moines Airport,27.465706439214387
21IOWA_WQX-21810001,42.301646,-95.035587,IA7312,SAC-CITY,14.81072340181251
21IOWA_WQX-10180001,42.864743,-95.463593,IA1442,CHEROKEE,14.741547910687775
PCCB_WQX-977104,41.74637,-93.64892,IA2209,DES MOINES WSFO-JOHNSTON,8.374798023227902
21IOWA_WQX-14000562,41.661087,-93.706817,IA2209,DES MOINES WSFO-JOHNSTON,8.601545528726888
21IOWA_WQX-22610004,41.469892,-93.910865,IA9132,WINTERSET,18.444560439139526
21IOWA_WQX-22680001,41.121522,-92.843984,IAD005,Iowa Drought Region 5 - Southeast,28.377512912785992
21IOWA_WQX-14000561,41.642224,-93.382981,IA0000,Iowa Average,19.033379690252023
21IOWA_WQX-14000558,40.750549,-93.33221,IA0149,Allerton,6.261367165796423
21IOWA_WQX-10360001,40.785673,-95.384891,IA7613,SHENANDOAH-1-NE,3.9306499226650806
21IOWA_WQX-10910001,41.424689,-93.587285,IA2203,Des Moines Airport,13.629240651855515
PCCB_WQX-977302,41.529,-93.3767,IA0000,Iowa Average,28.326106053092364
21IOWA_WQX-14000414,41.804396,-93.739259,IA2209,DES MOINES WSFO-JOHNSTON,7.737043272870064
21IOWA_WQX-10640002,42.050799,-92.846577,IA5198,MARSHALLTOWN,9.518750318471785
PCCB_WQX-977071,41.6393,-93.62586,IATDSM,Des Moines Area,12.094260537413417
21IOWA_WQX-14000134,41.66943,-90.43548,IA4705,Le Claire L&D 14,11.943229254804942
21IOWA_WQX-10250001,41.57974,-94.182917,IA6566,PERRY,28.69359529070506
21IOWA_WQX-10340001,43.008949,-92.602416,IA1402,CHARLES-CITY,8.792686817521822
ERG-DM5,43.083,-94.4982,IA2689,Emmetsburg,20.303426309269543
21IOWA_WQX-14000242,42.41421,-93.33139,IA4142,IOWA-FALLS,14.57292396298221
21IOWA_WQX-21870001,40.711254,-94.687496,IA1833,CORNING,32.85071569687518
21IOWA_WQX-12660003,43.424214,-93.022423,IA6103,NORTHWOOD,22.155875483429405
21IOWA_WQX-22530001,42.112527,-91.137301,IA0214,ANAMOSA 3 SSW,18.804035512607918
PCCB_WQX-977329,41.5688,-93.5777,IA2203,Des Moines Airport,9.12390116064983
21IOWA_WQX-10810001,42.340001,-94.985712,IA7312,SAC-CITY,10.132760519713797
21IOWA_WQX-22260001,40.81972,-92.573748,IA6392,OTTUMWA #1,22.077063552714655
21IOWA_WQX-10030002,43.111779,-91.264921,IA8755,WAUKON,29.689849397087993
PCCB_WQX-977242,41.5992,-93.4502,IA2203,Des Moines Airport,23.511530271959558
21IOWA_WQX-22040001,40.824972,-92.894015,IA6910,RATHBUN DAM,0.16848908263836015
PCCB_WQX-977120,41.7394,-93.7851,IA2209,DES MOINES WSFO-JOHNSTON,6.845571866147839
PCCB_WQX-977094,41.55074,-93.3864,IA0000,Iowa Average,26.850641104260507
21IOWA_WQX-10620001,41.355257,-92.657145,IA6327,OSKALOOSA,4.000092905293311
PCCB_WQX-977189,41.7171,-93.6232,IA2209,DES MOINES WSFO-JOHNSTON,11.372588529881874
21IOWA_WQX-14000450,41.706425,-93.440585,IA0000,Iowa Average,21.738941698574138
21IOWA_WQX-22300011,43.360703,-95.123335,IA7859,SPIRIT LAKE,7.407541819417793
PCCB_WQX-977334,41.5820693,-93.6796577,IATDSM,Des Moines Area,6.106585070326261
PCCB_WQX-977113,41.60211,-93.73635,IATDSM,Des Moines Area,11.960323246103279
21IOWA_WQX-10220001,42.739547,-91.261976,IA3517,GUTTENBERG-L-AND-D-10,18.564115315662242
21IOWA_WQX-10430002,41.830583,-95.931564,IA4874,LITTLE SIOUX 2NW,13.233652089618804
21IOWA_WQX-21170001,43.111086,-93.39614,IA5235,MASON CITY MUNICIPAL AP,9.157024877899838
PCCB_WQX-977306,41.77698,-93.3961,IA0000,Iowa Average,16.520262247130013
ERG-HD3,42.388,-93.4246,IA4142,IOWA-FALLS,23.341708888952837
21IOWA_WQX-21300001,43.371222,-95.160845,IA5493,Milford,7.575777765040843
EPA_R7_WQX-HD5,42.39814,-93.474345,IA4142,IOWA-FALLS,27.042080042124855
PCCB_WQX-977270,41.5741,-93.7747,IATDSM,Des Moines Area,14.237541004536132
21IOWA_WQX-10670001,41.964988,-95.992186,IA4874,LITTLE SIOUX 2NW,16.729158992235885
21IOWA_WQX-22930001,40.7187,-93.400695,IA0149,Allerton,4.484335783527604
21IOWA_WQX-10560002,40.7534,-91.27559,IA1060,BURLINGTON,14.057306472777952
21IOWA_WQX-22450001,43.370764,-92.548167,IA6305,OSAGE,29.76577562193552
PCCB_WQX-977273,41.5371,-93.633,IA2203,Des Moines Airport,2.048553401305297
PCCB_WQX-977304,41.63335,-93.412267,IA0000,Iowa Average,22.221688288490395
21IOWA_WQX-10850002,41.95038,-93.551013,IA0203,AMES 5 SE,1.6197233674842055
21IOWA_WQX-22330001,42.895701,-91.770847,IAC003,Iowa - Northeast Climate Division,4.16470768807202
21IOWA_WQX-22020001,41.047901,-94.751936,IA1833,CORNING,5.33069672506871
21IOWA_WQX-21940001,42.391904,-93.984671,IA8806,WEBSTER-CITY,22.29516883364873
21IOWA_WQX-10040002,40.81072,-92.88285,IA6910,RATHBUN DAM,1.916430608881875
21IOWA_WQX-22090001,42.710038,-92.536443,IATALO,Waterloo Area,22.919865948836215
21IOWA_WQX-10220002,42.749729,-91.27678,IA2603,Elkader 6SSW (Osborn),19.866021128103668
21IOWA_WQX-10700001,41.409359,-91.290171,IA1731,COLUMBUS JUNCT 2 SSW,19.818904141919408
21IOWA_WQX-13080006,41.86345,-93.75974,IA2209,DES MOINES WSFO-JOHNSTON,14.66636301528242
21IOWA_WQX-22780003,41.205027,-95.857569,IA4894,LOGAN,47.68645222936564
21IOWA_WQX-21810002,42.29299,-95.016776,IA7312,SAC-CITY,15.348595565775984
21IOWA_WQX-14000557,40.760455,-92.442552,IA6392,OTTUMWA #1,28.980062242631327
21IOWA_WQX-21170002,43.120303,-93.458755,IAC002,Iowa - North Central Climate Division,8.520276287707183
21IOWA_WQX-22990001,42.79134,-93.690345,IAC002,Iowa - North Central Climate Division,36.439560222828234
21IOWA_WQX-10460001,42.67472,-94.20725,IAD002,Iowa Drought Region 2 - Northcentral,9.842837042493215
21IOWA_WQX-10100001,42.512157,-91.974035,IA7892,STANLEY,18.257659665314154
21IOWA_WQX-22630002,41.421586,-93.049232,IA5992,NEWTON,30.958342090607452
21IOWA_WQX-22300010,43.412442,-95.138753,IA7859,SPIRIT LAKE,4.469134192788651
21IOWA_WQX-22830001,41.853559,-95.467471,IA2171,DENISON,24.871325544534542
21IOWA_WQX-22540002,41.378564,-92.200503,IA7678,SIGOURNEY,5.40036006177516
21IOWA_WQX-22790005,41.584702,-92.556038,IA3473,GRINNELL-3-SW,24.505385633276266
EPA_R7_WQX-DM9,43.112148,-94.500334,IA2689,Emmetsburg,20.02356221242401
21IOWA_WQX-22430001,41.538074,-95.998315,IA4894,LOGAN,24.305498904440608
21IOWA_WQX-10730002,40.727435,-94.97975,IA1533,CLARINDA,5.6483758205406716
MNPCA-S000-097,43.500194,-96.184556,IA7147,ROCK-RAPIDS,7.9712685558607825
21IOWA_WQX-21890001,40.709206,-91.971532,IA4389,KEOSAUQUA,1.212266754750972
ERG-RC10,42.2527,-94.8851,IA1233,CARROLL-2-SSW,20.68682919008732
PCCB_WQX-977078,41.70261,-93.55587,IA2209,DES MOINES WSFO-JOHNSTON,19.02982613131029
21IOWA_WQX-14000249,41.52472,-90.68261,IA2070,DAVENPORT WFO,14.954853884589223
21IOWA_WQX-21300003,43.423886,-95.174717,IA7859,SPIRIT LAKE,8.308611027883462
21IOWA_WQX-22740002,43.175492,-94.901916,IA2689,Emmetsburg,26.064658424735512
21IOWA_WQX-22520001,41.793669,-91.572865,IA4101,Iowa City,16.671153086217608
PCCB_WQX-977152,41.6427,-93.3799,IA0000,Iowa Average,18.734711789818153
21IOWA_WQX-14000416,41.819778,-93.746444,IA2209,DES MOINES WSFO-JOHNSTON,9.591442608187883
PCCB_WQX-977003,41.5468,-93.5947,IA2203,Des Moines Airport,6.426576175479141
21IOWA_WQX-22420001,42.366567,-93.077762,IA4142,IOWA-FALLS,28.056794614136656
PCCB_WQX-977192,41.77987,-93.71081,IA2209,DES MOINES WSFO-JOHNSTON,5.017192226161601
21IOWA_WQX-21500001,41.742616,-92.85157,IA3473,GRINNELL-3-SW,13.749893780516778
PCCB_WQX-977308,41.5685,-93.5224,IA2203,Des Moines Airport,14.820248205950657
PCCB_WQX-977072,41.84965,-93.65797,IA2209,DES MOINES WSFO-JOHNSTON,14.535350198142359
21IOWA_WQX-10070003,42.628973,-92.543666,IATALO,Waterloo Area,17.87065771664062
21IOWA_WQX-10570001,41.925742,-91.550586,IA1319,CEDAR-RAPIDS-1,12.045502650738326
EPA_R7_WQX-RC3,42.325451,-94.929648,IA7312,SAC-CITY,14.01228033638516
PCCB_WQX-977085,41.5742,-93.78019,IATDSM,Des Moines Area,14.82187418005983
EPA_R7_WQX-HD2,42.381022,-93.385824,IA4142,IOWA-FALLS,20.983058205953217
21IOWA_WQX-10490001,42.090178,-90.672122,IA5131,MAQUOKETA-2-W,3.8266802544039016
21IOWA_WQX-10670002,42.171425,-95.796137,IA5123,MAPLETON NO. 2,1.5210319589866257
21IOWA_WQX-22070005,42.477834,-92.460163,IA8706,WATERLOO,10.447305190157962
PCCB_WQX-977328,41.6153,-93.6322,IATDSM,Des Moines Area,9.334083911932343
21IOWA_WQX-22320001,43.31786,-94.700148,IA2725,ESTHERVILLE MUNICIPAL AP,10.62521834469048
21IOWA_WQX-14000556,40.882677,-93.507183,IAC008,Iowa - South Central Climate Division,18.296451752789018
PCCB_WQX-977301,41.7611,-93.5906,IA2209,DES MOINES WSFO-JOHNSTON,15.03775209163184
21IOWA_WQX-22500001,41.739626,-92.85492,IA3473,GRINNELL-3-SW,14.06085514615864
PCCB_WQX-977321,41.600049,-93.521108,IA2203,Des Moines Airport,16.31196225099954
21IOWA_WQX-22770004,41.793971,-93.731388,IA2209,DES MOINES WSFO-JOHNSTON,6.43787377106825
21IOWA_WQX-22830002,41.601319,-95.227489,IAD004,Iowa Drought Region 4 - Southwest,32.03568007867515
EPA_R7_WQX-HD15,42.406283,-93.540821,IA8806,WEBSTER-CITY,29.677509329153963
PCCB_WQX-977043,41.629673,-93.548072,IATDSM,Des Moines Area,15.79758799170575
PCCB_WQX-977067,41.57993,-93.35662,IA0000,Iowa Average,22.319907348127227
21IOWA_WQX-10890001,40.728232,-91.960615,IA4389,KEOSAUQUA,1.3881298210959556
PCCB_WQX-977252,41.616,-93.7264,IATDSM,Des Moines Area,12.229869937967061
MESKWAKI_DNR-Site 4,41.9649,-92.6699,IA8296,TOLEDO,10.136452910593976
21IOWA_WQX-22810001,42.29701,-95.051155,IA7312,SAC-CITY,15.844076925277761
PCCB_WQX-977099,41.62931,-93.74163,IA2209,DES MOINES WSFO-JOHNSTON,12.097387130588217
MESKWAKI_DNR-Site 2,41.9987,-92.6708,IA8296,TOLEDO,10.308393428241244
PCCB_WQX-977331,41.804122,-93.601439,IA2209,DES MOINES WSFO-JOHNSTON,15.52056954032352
PCCB_WQX-977105,41.71896,-93.64766,IA2209,DES MOINES WSFO-JOHNSTON,8.668964434338752
PCCB_WQX-977325,41.571387,-93.600861,IATDSM,Des Moines Area,7.1430956975273965
PCCB_WQX-977087,41.58745,-93.54458,IA2203,Des Moines Airport,13.349819912315153
21IOWA_WQX-22780002,41.435847,-95.592848,IA6151,OAKLAND-2-E,26.946089029935077
PCCB_WQX-977275,41.5494,-93.5538,IA2203,Des Moines Airport,10.912296423348327
PCCB_WQX-977322,41.710096,-93.376935,IA0000,Iowa Average,14.795538375518083
MESKWAKI_DNR-Site 8,41.9738,-92.6274,IA8296,TOLEDO,5.315536202782313
21IOWA_WQX-10070001,42.57352,-92.50671,IATALO,Waterloo Area,11.912315397674034
EPA_R7_WQX-RC5,42.354421,-94.930343,IA7312,SAC-CITY,11.428914500525451
21IOWA_WQX-22300012,43.354894,-95.12101,IA7859,SPIRIT LAKE,7.935827386912568
PCCB_WQX-977147,41.5932,-93.7129,IATDSM,Des Moines Area,9.356694643372526
21IOWA_WQX-10550001,42.951386,-94.233404,IA0133,ALGONA,15.125906079922963
21IOWA_WQX-22600001,43.382799,-96.470521,IA7147,ROCK-RAPIDS,33.826075289085786
21IOWA_WQX-10910003,41.372294,-93.430723,IA2203,Des Moines Airport,30.033662238407302
PCCB_WQX-977106,41.69259,-93.62177,IA2209,DES MOINES WSFO-JOHNSTON,12.335236169160805
21IOWA_WQX-14000608,41.60251,-95.2082,IA0364,ATLANTIC-1-NE,30.786568095642778
PCCB_WQX-977075,41.77674,-93.59312,IA2209,DES MOINES WSFO-JOHNSTON,15.179736629245358
21IOWA_WQX-22290002,40.943648,-91.236947,IA1060,BURLINGTON,15.07245369063377
21IOWA_WQX-14000411,43.3788,-95.17479,IA5493,Milford,7.525652673421635
EPA_R7_WQX-RC16,42.301216,-94.892158,IA7312,SAC-CITY,18.677840371215066
21IOWA_WQX-10070002,42.315748,-92.193798,IA8568,VINTON,26.963369835846812
21IOWA_WQX-10120001,42.711543,-92.581429,IA0157,ALLISON,22.49036153503547
21IOWA_WQX-12100002,42.329191,-91.982178,IA8568,VINTON,17.811816225226803
PCCB_WQX-977300,41.788,-93.7913,IA2209,DES MOINES WSFO-JOHNSTON,9.451732285323182
PCCB_WQX-977117,41.54204,-93.58338,IA2203,Des Moines Airport,7.527811125135513
MESKWAKI_DNR-Site 6,41.9557,-92.6393,IA8296,TOLEDO,7.126007361268418
PCCB_WQX-977109,41.5912,-93.69872,IATDSM,Des Moines Area,8.135506270713073
21IOWA_WQX-10490005,42.1014,-90.51782,IA5131,MAQUOKETA-2-W,20.55618369769746
21IOWA_WQX-26770002,41.831896,-93.752774,IA2209,DES MOINES WSFO-JOHNSTON,11.081872879772328
21IOWA_WQX-21860001,42.12903,-92.722883,IA5199,MARSHALLTOWN MUNICIPAL AP,21.615474116025933
EPA_R7_WQX-HD7,42.401997,-93.521313,IA4142,IOWA-FALLS,31.360713437045728
21IOWA_WQX-26770004,41.82228,-93.761837,IA2209,DES MOINES WSFO-JOHNSTON,10.432863959241882
21IOWA_WQX-22350001,42.769824,-93.237655,IA3584,HAMPTON-2-NW,4.731850425318133
21IOWA_WQX-22470002,42.357536,-95.480268,IATIDA,Ida Grove Area,4.650969857277993
21IOWA_WQX-22340001,43.125705,-92.891889,IA6305,OSAGE,19.968867566298208
21IOWA_WQX-22640001,41.929669,-92.86022,IA5198,MARSHALLTOWN,17.42678093106301
21IOWA_WQX-22240002,42.022643,-95.324804,IA2171,DENISON,1.001519223030993
21IOWA_WQX-10580003,41.180331,-91.182147,IA1731,COLUMBUS JUNCT 2 SSW,22.27856862328183
PCCB_WQX-977330,41.60405,-93.684783,IATDSM,Des Moines Area,8.548868872133891
21IOWA_WQX-13770005,41.82754,-93.772605,IA2209,DES MOINES WSFO-JOHNSTON,11.486803852751494
21IOWA_WQX-22970002,42.446717,-95.802362,IA3910,HOLSTEIN 5 NNW,23.982519389875314
21IOWA_WQX-21440001,40.826117,-91.392169,IA5796,MOUNT-PLEASANT,22.310486105470925
21IOWA_WQX-10430001,41.573127,-95.845229,IA4894,LOGAN,8.079978078353966
21IOWA_WQX-21300004,43.356546,-95.175396,IA5493,Milford,5.309024022062637
21IOWA_WQX-22870001,40.709919,-94.689703,IA1833,CORNING,32.944997318212295
21IOWA_WQX-14000600,42.638304,-91.55771,IA2603,Elkader 6SSW (Osborn),19.13289460475745
PCCB_WQX-977012,41.5622,-93.6411,IATDSM,Des Moines Area,3.407793440321217
21IOWA_WQX-22240001,41.936814,-95.588666,IA2171,DENISON,30.57187783584928
21IOWA_WQX-21280001,42.601452,-91.534197,IA5086,MANCHESTER-2,17.358081205956918
PCCB_WQX-977066,41.63703,-93.37826,IA0000,Iowa Average,19.00517731657519
21IOWA_WQX-22060002,42.201468,-92.075563,IA8568,VINTON,9.101698363990028
21IOWA_WQX-22890005,40.683281,-91.987545,IA4389,KEOSAUQUA,4.525117106112441
21IOWA_WQX-22540001,41.377633,-92.123309,IA7678,SIGOURNEY,10.038637190723714
21IOWA_WQX-10920001,41.475535,-91.580352,IA4106,IOWA CITY MUNICIPAL AP,18.649594973940438
PCCB_WQX-977332,41.805758,-93.615953,IA2209,DES MOINES WSFO-JOHNSTON,14.227174935368327
21IOWA_WQX-22770001,41.545387,-93.556884,IA2203,Des Moines Airport,10.49443863867854
PCCB_WQX-977073,41.58989,-93.52807,IA2203,Des Moines Airport,15.10522282225072
21IOWA_WQX-22880005,41.059964,-94.396477,IA1962,Creston,2.543872672843196
PCCB_WQX-977060,41.68825,-93.73555,IA2209,DES MOINES WSFO-JOHNSTON,5.538048781669181
21IOWA_WQX-22890004,40.711232,-91.970015,IA4389,KEOSAUQUA,0.9749585435319141
21IOWA_WQX-22870003,40.731039,-94.827079,IA1533,CLARINDA,22.597148816903637
21IOWA_WQX-22430002,41.76936,-95.788952,IA4894,LOGAN,15.54474368480108
21IOWA_WQX-10650001,40.987277,-95.527908,IA7613,SHENANDOAH-1-NE,30.373726421801674
21IOWA_WQX-10090001,42.649586,-92.46655,IATALO,Waterloo Area,12.832268918976352
ERG-RC16,42.3014,-94.8922,IA7312,SAC-CITY,18.659158089834893
ERG-RC12,42.2737,-94.9165,IA7312,SAC-CITY,19.704399876816662
21IOWA_WQX-22710002,42.936142,-95.467677,IAC001,Iowa - Northwest Climate Division,10.534009864853248
PCCB_WQX-977164,41.75864,-93.74703,IA2209,DES MOINES WSFO-JOHNSTON,3.576825545386495
21IOWA_WQX-23000118,43.17656,-93.18717,IA5230,Mason City,1.763786039926759
21IOWA_WQX-14000248,41.52698,-90.68863,IA2070,DAVENPORT WFO,15.314440631104985
21IOWA_WQX-22170001,43.125762,-93.416968,IA5235,MASON CITY MUNICIPAL AP,10.593981585012816
21IOWA_WQX-22110001,42.621568,-95.204186,IA7979,STORM-LAKE-2-E,2.848112607657534
21IOWA_WQX-12980003,43.276656,-93.354006,IA5235,MASON CITY MUNICIPAL AP,13.943894509214319
21IOWA_WQX-10580002,41.423865,-91.47909,IA1731,COLUMBUS JUNCT 2 SSW,22.823328564066234
MESKWAKI_DNR-Site 3,41.9848,-92.6724,IA8296,TOLEDO,10.288265145285589
21IOWA_WQX-10220003,43.041505,-91.208083,IA3517,GUTTENBERG-L-AND-D-10,31.463802565457996
PCCB_WQX-977121,41.70629444,-93.7465833,IA2209,DES MOINES WSFO-JOHNSTON,4.229295849495503
21IOWA_WQX-21260001,40.817854,-92.580321,IA6392,OTTUMWA #1,22.492613754349108
PCCB_WQX-977079,41.6586,-93.54573,IATDSM,Des Moines Area,18.289276127587254
EPA_R7_WQX-DM5,43.082942,-94.498192,IA2689,Emmetsburg,20.304913445109015
21IOWA_WQX-21780001,41.200974,-95.859442,IA4894,LOGAN,48.161224867820636
PCCB_WQX-977160,41.65259,-93.68721,IA2209,DES MOINES WSFO-JOHNSTON,10.180205065672837
EPA_R7_WQX-DM3,43.052718,-94.474233,IA0133,ALGONA,19.46889670317222
ERG-RC13,42.2971,-94.9359,IA7312,SAC-CITY,16.406893381118973
21IOWA_WQX-22790004,41.731706,-92.732963,IA3473,GRINNELL-3-SW,1.3426979852561693
21IOWA_WQX-21300005,43.496309,-95.121003,IA7859,SPIRIT LAKE,8.468852418298079
21IOWA_WQX-22940001,42.586293,-94.192441,IAD002,Iowa Drought Region 2 - Northcentral,1.4603299186431955
21IOWA_WQX-22010004,41.242803,-94.635685,IA3438,GREENFIELD,19.49022696023445
21IOWA_WQX-14000412,43.40923,-95.16792,IA7859,SPIRIT LAKE,7.708225524191106
EPA_R7_WQX-NRR001,41.849423,-94.139807,IA6566,PERRY,3.0846726835529665
21IOWA_WQX-10540001,41.283753,-92.257395,IA7678,SIGOURNEY,8.196032417204366
EPA_R7_WQX-RC20,42.340086,-94.98561,IA7312,SAC-CITY,10.12521213384533
21IOWA_WQX-21040001,40.867537,-92.919321,IA6910,RATHBUN DAM,5.591637209398645
21IOWA_WQX-21150001,41.42685,-94.77944,IA0364,ATLANTIC-1-NE,24.536978116839734
21IOWA_WQX-14000563,42.050952,-92.86569,IA5198,MARSHALLTOWN,7.458024027120973
21IOWA_WQX-22970001,42.308223,-96.325165,IATSUX,Sioux City Area,11.075317100794896
EPA_R7_WQX-NRR003,41.790393,-94.102325,IA6566,PERRY,4.822733142283316
MESKWAKI_DNR-Site 7,41.9565,-92.5972,IA8296,TOLEDO,3.238216966077544
21IOWA_WQX-21670001,42.041409,-96.162561,IA4874,LITTLE SIOUX 2NW,26.97011103287505
21IOWA_WQX-22550001,43.123398,-94.24147,IA0133,ALGONA,8.809773626666201
21IOWA_WQX-22480001,41.634848,-92.173512,IA9067,WILLIAMSBURG,17.51155844912355
21IOWA_WQX-22070002,42.478854,-92.388799,IA8706,WATERLOO,8.008517468278088
21IOWA_WQX-22880003,41.071382,-94.212987,IA1962,Creston,20.50530941417514
21IOWA_WQX-14000593,42.431117,-91.978169,IA7892,STANLEY,25.86228497564439
EPA_R7_WQX-HD14,42.403127,-93.501808,IA4142,IOWA-FALLS,29.384026146986553
21IOWA_WQX-14000409,43.35968,-95.16862,IA5493,Milford,6.030791725416898
21IOWA_WQX-22050001,41.559414,-94.786286,IA0385,AUDUBON,23.962849095529137
21IOWA_WQX-22740001,43.141767,-94.660349,IA2689,Emmetsburg,5.132635548625092
PCCB_WQX-977081,41.61385,-93.54544,IA2203,Des Moines Airport,14.903279804322086
PCCB_WQX-977062,41.66663,-93.72225,IA2209,DES MOINES WSFO-JOHNSTON,7.781757022876593
21IOWA_WQX-22150002,41.42777,-94.781021,IA0364,ATLANTIC-1-NE,24.364677339600096
21IOWA_WQX-14000606,41.60759,-95.2133,IA0364,ATLANTIC-1-NE,31.585407376532434
21IOWA_WQX-22910001,41.277636,-93.5902,IAC008,Iowa - South Central Climate Division,27.81354912759811
21IOWA_WQX-10670003,41.965082,-95.972877,IA4874,LITTLE SIOUX 2NW,17.681662458938327
21IOWA_WQX-10420001,42.310213,-93.075681,IA5199,MARSHALLTOWN MUNICIPAL AP,28.396272918108753
21IOWA_WQX-22080004,42.111953,-94.019875,IA0807,Boone,16.3602126175744
21IOWA_WQX-10360003,40.601744,-95.645621,IA7613,SHENANDOAH-1-NE,38.3851227890749
21IOWA_WQX-22410001,43.230268,-93.792392,IA2977,FOREST-CITY,18.88495609703581
21IOWA_WQX-22970003,42.281611,-96.335555,IATSUX,Sioux City Area,13.18058665146696
PCCB_WQX-977312,41.6671,-93.5463,IATDSM,Des Moines Area,18.97555351011339
21IOWA_WQX-21920001,41.190805,-91.892793,IAC009,Iowa - Southeast Climate Division,18.721659764836552
PCCB_WQX-977082,41.53583,-93.67422,IATDSM,Des Moines Area,2.357236196349057
21IOWA_WQX-10520001,41.606526,-91.615628,IA4106,IOWA CITY MUNICIPAL AP,8.702860200418932
21IOWA_WQX-10270001,40.640671,-93.80787,IA4585,Lamoni,16.01003712056023
EPA_R7_WQX-DM11,43.12646,-94.526726,IA2689,Emmetsburg,17.295387240820858
21IOWA_WQX-22290001,40.811684,-91.387199,IA3007,Fort Madison,22.272155795363986
21IOWA_WQX-21520001,41.797834,-91.563612,IA4101,Iowa City,16.857920314511055
21IOWA_WQX-22800001,40.814194,-94.350808,IA5769,MOUNT-AYR,16.937627362851046
ERG-RC1,42.3247,-94.8774,IA7312,SAC-CITY,17.970576032660865
21IOWA_WQX-22810002,42.29675,-95.028292,IA7312,SAC-CITY,15.147018360073298
EPA_R7_WQX-RC17,42.294774,-94.916678,IA7312,SAC-CITY,17.66167051310416
21IOWA_WQX-22270001,40.750377,-93.779024,IA4585,Lamoni,23.759199308313377
21IOWA_WQX-22940002,42.38921,-93.980642,IA8806,WEBSTER-CITY,22.00383138955468
21IOWA_WQX-22280001,42.423635,-91.326682,IA5086,MANCHESTER-2,14.64950108339986
21IOWA_WQX-14000244,41.053043,-94.386655,IA1962,Creston,1.9512339034382438
ERG-HD5,42.398,-93.4742,IA4142,IOWA-FALLS,27.036981818508917
21IOWA_WQX-21420001,42.370543,-93.077994,IA4142,IOWA-FALLS,27.752622891677458
21IOWA_WQX-14000559,43.153994,-95.189698,IAKSPW,Spencer Airport,2.7643784249763637
21IOWA_WQX-22850001,41.990363,-93.36369,IAC005,Iowa - Central Climate Division,6.464849768097978
PCCB_WQX-925036,41.7421,-93.8242,IA2209,DES MOINES WSFO-JOHNSTON,11.202915071612152
21IOWA_WQX-21830001,41.604657,-95.218705,IA0364,ATLANTIC-1-NE,31.827803968511514
PCCB_WQX-977307,41.795,-93.4113,IA0000,Iowa Average,18.62064876390365
21IOWA_WQX-21880001,41.103881,-94.386199,IA1962,Creston,7.467773590573487
21IOWA_WQX-22400001,42.266698,-93.639526,IA8806,WEBSTER-CITY,28.8000458082894
21IOWA_WQX-22200001,41.032595,-93.742585,IA6316,OSCEOLA-3-WSW,1.6940219544235775
ERG-DM7,43.0974,-94.5137,IA2689,Emmetsburg,18.493976168026645
21IOWA_WQX-14000564,42.535699,-92.412034,IA8706,WATERLOO,2.0782916521787502
21IOWA_WQX-22420002,42.373707,-93.066439,IA4142,IOWA-FALLS,28.537172768908576
PCCB_WQX-977115,41.58262,-93.70281,IATDSM,Des Moines Area,7.731837099646582
21IOWA_WQX-22560001,40.712645,-91.435951,IA3007,Fort Madison,15.906093993279944
21IOWA_WQX-10970002,42.227,-96.0778,IA5123,MAPLETON NO. 2,33.42630096176199
21IOWA_WQX-21300002,43.415404,-95.164587,IA7859,SPIRIT LAKE,7.232551738573425
21IOWA_WQX-22920004,41.201574,-91.904973,IA2789,FAIRFIELD,19.724196087797093
21IOWA_WQX-22730001,40.831306,-95.357746,IA7613,SHENANDOAH-1-NE,5.769619786960175
21IOWA_WQX-22300008,43.383101,-95.114833,IA7859,SPIRIT LAKE,4.743656750598946
21IOWA_WQX-22860003,42.125205,-92.718868,IA5199,MARSHALLTOWN MUNICIPAL AP,22.024511650440434
ERG-HD11,42.441,-93.5207,IA4142,IOWA-FALLS,29.581087921956687
PCCB_WQX-977150,41.5586,-93.7268,IATDSM,Des Moines Area,8.6395309569161
PCCB_WQX-977323,41.529457,-93.554754,IA2203,Des Moines Airport,10.591044092496851
PCCB_WQX-977157,41.70456,-93.79457,IA2209,DES MOINES WSFO-JOHNSTON,8.658438780232185
21IOWA_WQX-22070004,42.477224,-92.31408,IA8706,WATERLOO,12.520466072499735
21IOWA_WQX-22710001,42.984876,-95.67121,IA6800,PRIMGHAR,11.52724048480795
21IOWA_WQX-22690001,40.97617,-95.029909,IAC007,Iowa - Southwest Climate Division,16.727512609045682
PCCB_WQX-977101,41.60933,-93.7211,IATDSM,Des Moines Area,11.28429043557141
21IOWA_WQX-22010005,41.289368,-94.497566,IA3438,GREENFIELD,3.285285636941471
21IOWA_WQX-22880004,41.055718,-94.255028,IA1962,Creston,15.611610058323935
PCCB_WQX-977214,41.7864,-93.79259,IA2209,DES MOINES WSFO-JOHNSTON,9.46115289812105
21IOWA_WQX-22620003,41.273886,-92.476195,IAD005,Iowa Drought Region 5 - Southeast,16.120587419000763
21IOWA_WQX-22500002,41.777712,-92.96277,IA5992,NEWTON,12.990417367145197
21IOWA_WQX-23170010,43.134292,-93.456158,IAC002,Iowa - North Central Climate Division,10.06950130701107
21IOWA_WQX-22270002,40.596744,-93.772298,IA4585,Lamoni,20.066967706866222
21IOWA_WQX-22390001,41.776075,-94.466603,IA3509,GUTHRIE-CENTER,11.310095766484253
21IOWA_WQX-22060001,41.863649,-92.112785,IA0600,BELLE-PLAINE,17.575803499222232
21IOWA_WQX-10820001,41.766533,-90.53491,IA2070,DAVENPORT WFO,17.91672531608256
21IOWA_WQX-22010002,41.196437,-94.436176,IA3438,GREENFIELD,12.114307303647408
21IOWA_WQX-22910002,41.293412,-93.596505,IA2203,Des Moines Airport,26.971497143900358
21IOWA_WQX-21570001,42.124481,-91.817226,IA8568,VINTON,20.944329511761413
PCCB_WQX-977324,41.646061,-93.476851,IA2203,Des Moines Airport,23.178403602835644
21IOWA_WQX-22740003,43.030235,-94.88418,IA2689,Emmetsburg,23.99251250267819
MESKWAKI_DNR-Site 1,41.9869,-92.7009,IA8296,TOLEDO,13.465342919814388
21IOWA_WQX-22880002,41.02162,-94.065683,IA0536,BEACONSFIELD,22.151642405810826
21IOWA_WQX-21350001,42.768378,-93.244366,IA3584,HAMPTON-2-NW,5.339780024438046
21IOWA_WQX-21070001,42.535979,-92.404035,IA8706,WATERLOO,1.6223399472194509
PCCB_WQX-977196,41.7526,-93.6505,IA2209,DES MOINES WSFO-JOHNSTON,8.32077661656616
21IOWA_WQX-14000598,43.1879,-92.523973,IA1402,CHARLES-CITY,22.33338260458247
PCCB_WQX-977159,41.69543,-93.73662,IA2209,DES MOINES WSFO-JOHNSTON,4.801367189450612
ERG-RC15,42.2849,-94.8579,IA7312,SAC-CITY,22.582816340372148
EPA_R7_WQX-RC4,42.339987,-94.925602,IA7312,SAC-CITY,12.985264585199898
21IOWA_WQX-23000096,41.76187,-93.34756,IA0000,Iowa Average,10.928176350913962
ERG-RC7,42.2645,-94.8869,IA1233,CARROLL-2-SSW,22.01318635711359
21IOWA_WQX-22900001,41.006922,-92.428049,IA6392,OTTUMWA #1,9.941660297481068
21IOWA_WQX-22270003,40.653769,-93.852916,IA4585,Lamoni,11.399317216330855
21IOWA_WQX-22300013,43.369353,-95.120131,IA7859,SPIRIT LAKE,6.381849871835169
21IOWA_WQX-21590001,41.000736,-93.274065,IA1394,CHARITON,5.108394555522791
21IOWA_WQX-14000380,43.47396,-95.12525,IA7859,SPIRIT LAKE,6.313974676573006
PCCB_WQX-977125,41.6727,-93.7257,IA2209,DES MOINES WSFO-JOHNSTON,7.1091917851554545
21IOWA_WQX-22250001,41.532455,-94.212452,IA9132,WINTERSET,32.63223084354496
21IOWA_WQX-21770001,41.820108,-93.739543,IA2209,DES MOINES WSFO-JOHNSTON,9.453377349255145
21IOWA_WQX-23170009,43.021582,-93.423084,IAC002,Iowa - North Central Climate Division,7.977279482566593
21IOWA_WQX-21300007,43.446717,-95.095578,IA7859,SPIRIT LAKE,2.671726883056344
21IOWA_WQX-14000235,42.06594,-93.6278,IA0197,AMES MUNICIPAL AP,8.463082026010037
PCCB_WQX-977161,41.81192,-93.73736,IA2209,DES MOINES WSFO-JOHNSTON,8.513814394846793
PCCB_WQX-977091,41.60732,-93.50325,IA2203,Des Moines Airport,18.44426716235536
PCCB_WQX-977095,41.61772,-93.72367,IATDSM,Des Moines Area,12.175292694681042
21IOWA_WQX-22140001,42.037657,-94.84054,IA1233,CARROLL-2-SSW,3.747056611544774
EPA_R7_WQX-HD9,42.415798,-93.477396,IA4142,IOWA-FALLS,26.326487354426156
21IOWA_WQX-14000250,41.51705,-93.60934,IA2203,Des Moines Airport,4.744960092111045
ERG-DM3,43.0527,-94.4742,IA0133,ALGONA,19.46544288981697
EPA_R7_WQX-RC10,42.2532,-94.885138,IA1233,CARROLL-2-SSW,20.742226342884347
ERG-RC2,42.3108,-94.9246,IA7312,SAC-CITY,15.683530990374267
EPA_R7_WQX-R7RAFT-MSK002,41.967092,-92.63807,IA8296,TOLEDO,6.6146882988415765
PCCB_WQX-977197,41.5757,-93.6961,IATDSM,Des Moines Area,6.660464724516721
ERG-RC8,42.2645177,-94.8869694,IA1233,CARROLL-2-SSW,22.016559575819844
21IOWA_WQX-14000592,43.345243,-93.831496,IA2977,FOREST-CITY,23.550572812638478
21IOWA_WQX-21690001,40.972501,-95.036074,IAC007,Iowa - Southwest Climate Division,16.537372700458
EPA_R7_WQX-RC7,42.322349,-94.896843,IA7312,SAC-CITY,16.57890047013797
ERG-HD15,42.406,-93.5406,IA8806,WEBSTER-CITY,29.708895609987774
PCCB_WQX-977199,41.5706,-93.73193,IATDSM,Des Moines Area,9.66419467434825
21IOWA_WQX-22130001,42.476873,-94.63802,IA7161,ROCKWELL-CITY,8.779597177411846
21IOWA_WQX-22820001,41.521358,-90.676495,IA2070,DAVENPORT WFO,14.697336719825966
ERG-RC4,42.3399,-94.9256,IA7312,SAC-CITY,12.992864295154376
PCCB_WQX-977327,41.8566,-93.3862,IA0000,Iowa Average,19.231901116049272
ERG-HD4,42.3981,-93.4436,IA4142,IOWA-FALLS,24.24318957050785
21IOWA_WQX-14000594,42.521337,-92.003322,IATOEL,Oelwein Area,19.833945651160526
EPA_R7_WQX-RC2,42.310935,-94.924653,IA7312,SAC-CITY,15.667694497400815
21IOWA_WQX-12190003,43.012575,-92.39028,IA5952,NEW-HAMPTON,8.853734319912483
21IOWA_WQX-22520005,41.723416,-91.73032,IATCID,Cedar Rapids Area,17.74521392468364
21IOWA_WQX-22300014,43.480762,-95.083319,IA7859,SPIRIT LAKE,6.674624946527774
PCCB_WQX-977163,41.56896,-93.63835,IATDSM,Des Moines Area,4.219205153036104
ERG-RC20,42.34,-94.9858,IA7312,SAC-CITY,10.131340714661249
21IOWA_WQX-22590001,41.096438,-93.215482,IA1394,CHARITON,15.813271370082017
21IOWA_WQX-21130001,42.479031,-94.637146,IA7161,ROCKWELL-CITY,8.992283789888456
21IOWA_WQX-12370003,42.070181,-94.286443,IA4228,JEFFERSON,11.805029174798035
EPA_R7_WQX-DM10,43.111885,-94.526958,IA2689,Emmetsburg,17.06873163721422
21IOWA_WQX-14000560,41.623172,-91.529966,IA4106,IOWA CITY MUNICIPAL AP,2.429811274359473
21IOWA_WQX-22570001,42.12475,-91.810338,IA8568,VINTON,21.6813674415548
21IOWA_WQX-22670002,42.044091,-96.159277,IA4874,LITTLE SIOUX 2NW,27.069823198192722
21IOWA_WQX-22300009,43.374803,-95.148909,IA7859,SPIRIT LAKE,7.643137180416765
21IOWA_WQX-22880001,41.097367,-94.383493,IA1962,Creston,6.795372736203126
PCCB_WQX-977086,41.56426,-93.73553,IATDSM,Des Moines Area,9.763884933861306
EPA_R7_WQX-HD1,42.370959,-93.346714,IA4142,IOWA-FALLS,19.63435338386024
EPA_R7_WQX-DM7,43.097395,-94.513754,IA2689,Emmetsburg,18.48798107839195
21IOWA_WQX-22410002,42.941399,-93.564755,IAC002,Iowa - North Central Climate Division,14.714449064060235
21IOWA_WQX-22620001,41.476188,-92.458856,IA6327,OSKALOOSA,27.447521124404393
21IOWA_WQX-14000576,42.60135,-91.5371,IA5086,MANCHESTER-2,17.524839893823497
EPA_R7_WQX-RC11,42.25102,-94.936227,IA7312,SAC-CITY,21.127280669113173
EPA_R7_WQX-HD12,42.382047,-93.444244,IA4142,IOWA-FALLS,25.417482461318645
PCCB_WQX-977116,41.53779,-93.63054,IA2203,Des Moines Airport,2.3307891610470186
21IOWA_WQX-14000605,41.60424,-95.2157,IA0364,ATLANTIC-1-NE,31.54309576912679
PCCB_WQX-977224,41.6293,-93.81442,IA2209,DES MOINES WSFO-JOHNSTON,15.631318479886158
21IOWA_WQX-23000094,42.56765,-94.56406,IA6719,POCAHONTAS,18.850674288952586
21IOWA_WQX-12340001,43.152372,-92.643887,IA1402,CHARLES-CITY,11.747740133697171
ERG-RC14,42.2838,-94.9359,IA7312,SAC-CITY,17.750573129389583
21IOWA_WQX-14000533,42.942721,-93.564584,IAC002,Iowa - North Central Climate Division,14.583196229905274
EPA_R7_WQX-RC8,42.262135,-94.890647,IA1233,CARROLL-2-SSW,21.837289884867715
EPA_R7_WQX-RC12,42.27389,-94.916693,IA7312,SAC-CITY,19.675655042584992
EPA_R7_WQX-RC18,42.311184,-94.939809,IA7312,SAC-CITY,14.810312017723987
21IOWA_WQX-22670001,42.008006,-95.789494,IA5123,MAPLETON NO. 2,17.65940373742338
PCCB_WQX-977098,41.65823,-93.76821,IA2209,DES MOINES WSFO-JOHNSTON,10.027235794846725
ERG-RC3,42.3254,-94.9296,IA7312,SAC-CITY,14.01996504479579
PCCB_WQX-977223,41.67779,-93.85293,IA2209,DES MOINES WSFO-JOHNSTON,15.797846774617181
21IOWA_WQX-23000097,41.78547,-93.34611,IA0000,Iowa Average,11.391513489564161
21IOWA_WQX-14000577,42.6043,-91.5384,IA5086,MANCHESTER-2,17.878211327459535
21IOWA_WQX-22770006,41.569883,-93.639426,IATDSM,Des Moines Area,4.269896715265159
PCCB_WQX-977077,41.71715,-93.56962,IA2209,DES MOINES WSFO-JOHNSTON,17.257847703769432
EPA_R7_WQX-DM4,43.052812,-94.470349,IA0133,ALGONA,19.038120165723637
21IOWA_WQX-21390001,41.776759,-94.465779,IA3509,GUTHRIE-CENTER,11.412186692104449
21IOWA_WQX-14000565,42.52976,-92.422026,IA8706,WATERLOO,3.3262011756077494
ERG-RC9,42.2559,-94.9166,IA7312,SAC-CITY,21.46562403089429
21IOWA_WQX-23000093,42.14845,-93.58898,IA0197,AMES MUNICIPAL AP,17.878274572840493
21IOWA_WQX-14000413,41.991066,-91.665455,IA1319,CEDAR-RAPIDS-1,10.441916100190655
PCCB_WQX-977156,41.53909,-93.33851,IA0000,Iowa Average,25.43352692352721
21IOWA_WQX-14000297,42.40616,-93.30096,IA4142,IOWA-FALLS,14.19418251813438
21IOWA_WQX-22370001,42.060851,-94.288793,IA4228,JEFFERSON,11.112552518987
EPA_R7_WQX-RC6,42.32562,-94.951668,IA7312,SAC-CITY,12.790397509295065
21IOWA_WQX-22300007,43.436994,-95.337068,IA5493,Milford,20.13676628904345
EPA_R7_WQX-NRR002,41.836955,-94.132746,IA6566,PERRY,1.614558532803004
21IOWA_WQX-14000575,42.600132,-91.535003,IA5086,MANCHESTER-2,17.283514820882186
PCCB_WQX-977097,41.6582295,-93.7682118,IA2209,DES MOINES WSFO-JOHNSTON,10.027383127153495
21IOWA_WQX-14000247,41.52571,-90.67541,IA2070,DAVENPORT WFO,14.280502651383895
21IOWA_WQX-14000410,43.37205,-95.13489,IA7859,SPIRIT LAKE,6.875601058572752
PCCB_WQX-977059,41.73909,-93.78512,IA2209,DES MOINES WSFO-JOHNSTON,6.846312809999116
21IOWA_WQX-22770007,41.544302,-93.725918,IATDSM,Des Moines Area,8.177623216055556
EPA_R7_WQX-RC13,42.297499,-94.935978,IA7312,SAC-CITY,16.363168051943305
21IOWA_WQX-13770004,41.836478,-93.759958,IA2209,DES MOINES WSFO-JOHNSTON,11.818885187526305
ERG-DM1,43.0672,-94.4844,IA0133,ALGONA,20.50670813372457
21IOWA_WQX-22010001,41.298198,-94.481333,IA3438,GREENFIELD,1.2760028108501835
PCCB_WQX-977111,41.61019,-93.7749,IA2209,DES MOINES WSFO-JOHNSTON,15.169522317674831
EPA_R7_WQX-RC15,42.285251,-94.858328,IA7312,SAC-CITY,22.52163372485633
PCCB_WQX-977088,41.61498,-93.57166,IATDSM,Des Moines Area,12.77059766508547
EPA_R7_WQX-HD3,42.38806,-93.424686,IA4142,IOWA-FALLS,23.344241341893945
PCCB_WQX-977093,41.62953,-93.42747,IA0000,Iowa Average,23.85088973919356
21IOWA_WQX-15280001,42.5772,-91.5482,IA5086,MANCHESTER-2,16.165417321160103
21IOWA_WQX-23000004,42.147015,-91.408514,IA0214,ANAMOSA 3 SSW,14.090105757120908
EPA_R7_WQX-HD10,42.428409,-93.52123,IA4142,IOWA-FALLS,30.133054579424986
EPA_R7_WQX-DM2,43.067384,-94.461067,IA0133,ALGONA,17.912195333373283
ERG-DM12,43.1408,-94.5089,IA2689,Emmetsburg,19.558884163130465
21IOWA_WQX-14000601,42.227713,-91.53187,IA1319,CEDAR-RAPIDS-1,22.626713322285337
PCCB_WQX-977074,41.82036,-93.62454,IA2209,DES MOINES WSFO-JOHNSTON,14.42478139145866
EPA_R7_WQX-RC19,42.337259,-94.993777,IA7312,SAC-CITY,10.335518372838518
EPA_R7_WQX-NRR_01,41.849423,-94.139807,IA6566,PERRY,3.0846726835529665
PCCB_WQX-977222,41.58128,-93.44315,IA2203,Des Moines Airport,23.696930514972046
ERG-RC17,42.2946,-94.9166,IA7312,SAC-CITY,17.68269257959756
21IOWA_WQX-22150001,41.291871,-95.087473,IAD004,Iowa Drought Region 4 - Southwest,10.178285278910339
EPA_R7_WQX-DM1,43.067291,-94.484505,IA0133,ALGONA,20.518231208870606
21IOWA_WQX-12940001,42.541272,-94.345046,IA2999,FORT-DODGE,16.768593148258045
21IOWA_WQX-14000595,42.626572,-94.461154,IA6719,POCAHONTAS,24.6161365935623
PCCB_WQX-977107,41.60512,-93.44485,IA2203,Des Moines Airport,24.292856400114424
PCCB_WQX-977090,41.64386,-93.47821,IA2203,Des Moines Airport,22.916921991706033
EPA_R7_WQX-DM12,43.141026,-94.508819,IA2689,Emmetsburg,19.573487080853585
21IOWA_WQX-21270001,40.599994,-93.766472,IA4585,Lamoni,20.659521003131523
PCCB_WQX-977110,41.61485,-93.79537,IA2209,DES MOINES WSFO-JOHNSTON,15.715110729786467
PCCB_WQX-977100,41.61471,-93.72648,IATDSM,Des Moines Area,12.129286382322162
ERG-HD14,42.4029,-93.5019,IA4142,IOWA-FALLS,29.4051235993675
PCCB_WQX-977080,41.6295,-93.54808,IATDSM,Des Moines Area,15.783981929816404
ERG-HD12,42.382,-93.4443,IA4142,IOWA-FALLS,25.425611733765706
PCCB_WQX-977076,41.74826,-93.58104,IA2209,DES MOINES WSFO-JOHNSTON,15.904882154562724
21IOWA_WQX-22890001,40.629091,-91.750784,IA2299,Donnellson,20.71856917835847
ERG-HD9,42.4158,-93.4774,IA4142,IOWA-FALLS,26.326769703552795
EPA_R7_WQX-RC1,42.324676,-94.877304,IA7312,SAC-CITY,17.980413348984264
PCCB_WQX-977103,41.61911,-93.64213,IATDSM,Des Moines Area,9.542088175651916
21IOWA_WQX-21620001,41.291232,-92.539666,IAD005,Iowa Drought Region 5 - Southeast,10.448310196552315
PCCB_WQX-977083,41.55552,-93.68018,IATDSM,Des Moines Area,3.8461822029510935
ERG-RC19,42.3373,-94.9935,IA7312,SAC-CITY,10.333078358216216
PCCB_WQX-977092,41.67896,-93.46463,IA0000,Iowa Average,25.139084787548942
EPA_R7_WQX-HD13,42.368336,-93.357851,IA4142,IOWA-FALLS,20.45897423359743
ERG-HD13,42.3683,-93.3578,IA4142,IOWA-FALLS,20.459784919201883
ERG-HD2,42.3808,-93.3859,IA4142,IOWA-FALLS,21.007735286281765
EPA_R7_WQX-RC9,42.256093,-94.91671,IA7312,SAC-CITY,21.440985306571502
ERG-DM6,43.083,-94.467,IA0133,ALGONA,18.62573107292545
ERG-HD7,42.4019,-93.5211,IA4142,IOWA-FALLS,31.344510641108577
PCCB_WQX-977225,41.63927,-93.85279,IA2209,DES MOINES WSFO-JOHNSTON,17.985821490977916
EPA_R7_WQX-DM6,43.083002,-94.467061,IA0133,ALGONA,18.63251076717981
PCCB_WQX-977114,41.59845,-93.71816,IATDSM,Des Moines Area,10.183055141845935
21IOWA_WQX-14000599,42.541992,-94.212075,IA2999,FORT-DODGE,4.858510474383968
PCCB_WQX-977170,41.56875,-93.6238,IATDSM,Des Moines Area,5.054237541142645
ERG-RC18,42.311,-94.9399,IA7312,SAC-CITY,14.824002013337248
PCCB_WQX-977096,41.6208,-93.7122,IATDSM,Des Moines Area,11.676552721508724
ERG-HD10,42.4284,-93.5213,IA4142,IOWA-FALLS,30.140645808738636
ERG-HD1,42.3709,-93.3467,IA4142,IOWA-FALLS,19.639586524621407
PCCB_WQX-977063,41.66165,-93.71644,IA2209,DES MOINES WSFO-JOHNSTON,8.372001899698002
ERG-DM2,43.067,-94.4611,IA0133,ALGONA,17.916608416749423
ERG-RC6,42.3256,-94.9516,IA7312,SAC-CITY,12.79559402836013
ERG-DM4,43.0527,-94.4702,IA0133,ALGONA,19.022891238795
PCCB_WQX-977173,41.58058,-93.57211,IA2203,Des Moines Airport,10.326883323847962
21IOWA_WQX-12420001,42.38525,-93.26243,IA4142,IOWA-FALLS,16.11746101439841
21IOWA_WQX-14000532,42.939179,-93.562805,IAC002,Iowa - North Central Climate Division,14.796162791680711
ERG-RC5,42.354328,-94.930357,IA7312,SAC-CITY,11.43546651558719
21IOWA_WQX-12180005,42.84789,-95.61304,IA1442,CHEROKEE,14.273762185140193
EPA_R7_WQX-HD11,42.441173,-93.520782,IA4142,IOWA-FALLS,29.583252448368945
PCCB_WQX-977089,41.58395,-93.55184,IA2203,Des Moines Airport,12.454818649704418
EPA_R7_WQX-DM8,43.097533,-94.496941,IA2689,Emmetsburg,20.35708041922672
ERG-DM10,43.1119,-94.5268,IA2689,Emmetsburg,17.086376839020087
21IOWA_WQX-14000578,42.253,-91.4815,IA5086,MANCHESTER-2,24.382197654805232
PCCB_WQX-977061,41.65354,-93.69717,IA2209,DES MOINES WSFO-JOHNSTON,9.692159889554649
EPA_R7_WQX-NRR_03,41.790393,-94.102325,IA6566,PERRY,4.822733142283316
21IOWA_WQX-14000176,41.744307,-92.846215,IA3473,GRINNELL-3-SW,13.202147217990174
21IOWA_WQX-14000528,41.641918,-92.173581,IA9067,WILLIAMSBURG,17.360559568298395
PCCB_WQX-977169,41.61525,-93.55834,IATDSM,Des Moines Area,13.87979067923373
EPA_R7_WQX-HD8,42.408003,-93.463021,IA4142,IOWA-FALLS,25.390546320501812
EPA_R7_WQX-HD4,42.398182,-93.443677,IA4142,IOWA-FALLS,24.244494006000927
ERG-DM11,43.1262,-94.5267,IA2689,Emmetsburg,17.293342290855225
EPA_R7_WQX-RC14,42.284008,-94.936115,IA7312,SAC-CITY,17.719795930572904
PCCB_WQX-977167,41.57949,-93.68206,IATDSM,Des Moines Area,5.996306093136029
21IOWA_WQX-14000529,41.644075,-92.176578,IA9067,WILLIAMSBURG,17.647715843612442
21IOWA_WQX-14000363,42.369126,-93.067244,IA4142,IOWA-FALLS,28.78003951664309
21IOWA_WQX-14000362,42.369921,-93.070214,IA4142,IOWA-FALLS,28.46671172427366
EPA_R7_WQX-NRR_02,41.836955,-94.132746,IA6566,PERRY,1.614558532803004
21IOWA_WQX-12370002,42.07728,-94.248341,IA4228,JEFFERSON,15.965318886276497
PCCB_WQX-977084,41.56218,-93.64114,IATDSM,Des Moines Area,3.4040070766181407
PCCB_WQX-977171,41.549,-93.65317,IATDSM,Des Moines Area,1.6679420614074207
ERG-DM9,43.1121,-94.5007,IA2689,Emmetsburg,19.98259768627308
PCCB_WQX-977165,41.59818,-93.68876,IATDSM,Des Moines Area,8.164091747256618
ERG-DM8,43.0974,-94.4969,IA2689,Emmetsburg,20.36184360771556
21IOWA_WQX-14000173,41.756911,-92.841601,IA3473,GRINNELL-3-SW,13.070586486839721
PCCB_WQX-977119,41.61846,-93.64303,IATDSM,Des Moines Area,9.458039729582017
ERG-RC11,42.251119,-94.936162,IA7312,SAC-CITY,21.11933950489231
21IOWA_WQX-14000172,42.36849,-93.070988,IA4142,IOWA-FALLS,28.499599451923864
21IOWA_WQX-14000526,41.635235,-92.169498,IA9067,WILLIAMSBURG,17.066975003169283
21IOWA_WQX-14000177,41.745568,-92.860415,IA3473,GRINNELL-3-SW,14.777548406192944
21IOWA_WQX-14000531,42.940188,-93.560879,IAC002,Iowa - North Central Climate Division,14.584482563170356
21IOWA_WQX-14000527,41.638747,-92.177992,IA9067,WILLIAMSBURG,17.90832942941359
PCCB_WQX-977168,41.60799,-93.66373,IATDSM,Des Moines Area,8.311786924678149
21IOWA_WQX-14000175,41.744702,-92.838757,IA3473,GRINNELL-3-SW,12.40123764272428
21IOWA_WQX-14000174,41.74921,-92.842089,IA3473,GRINNELL-3-SW,12.879986323636045
EPA_R7_WQX-01-UIA-6552,43.26129301,-91.88325189,IA2110,DECORAH-2-N,13.207160017214312
EPA_R7_WQX-01-MAQ-19,42.5772,-91.5482,IA5086,MANCHESTER-2,16.165417321160103
EPA_R7_WQX-01-UIA-248,43.41924,-91.39281,IA8755,WAUKON,19.21925539415691
EPA_R7_WQX-01-NMQ-90,42.299388,-91.012551,IA1257,CASCADE,0.8310818092417818
EPA_R7_WQX-01-UIA-259,43.360199,-91.574923,IA8755,WAUKON,14.560267881172718
EPA_R7_WQX-01-UIA-278,43.408723,-91.899129,IA2110,DECORAH-2-N,16.51665401992164
EPA_R7_WQX-01-UIA-253,43.46397461,-91.49878032,IA8755,WAUKON,21.669848561492774
EPA_R7_WQX-01-UIA-286,43.4525,-92.336,IA5952,NEW-HAMPTON,44.791305384053395
EPA_R7_WQX-01-MAQ-12,42.119231,-90.393975,IA0608,BELLEVUE-L-AND-D-12,17.012675510982362
EPA_R7_WQX-01-UIA-239,43.305215,-91.74253,IA2110,DECORAH-2-N,4.4790955153537855
EPA_R7_WQX-01-UIA-284,43.473928,-92.07971,IA2110,DECORAH-2-N,37.46459119361367
EPA_R7_WQX-01-MAQ-16,42.482458,-91.458612,IA5086,MANCHESTER-2,1.6840371898660131
EPA_R7_WQX-01-MAQ-51,42.49654312,-91.53009795,IA5086,MANCHESTER-2,9.38278236263532
EPA_R7_WQX-01-UIA-6555,43.24155422,-91.8933675,IA2110,DECORAH-2-N,15.329554739965356
EPA_R7_WQX-01-UIA-6597,43.304702,-91.775094,IA2110,DECORAH-2-N,1.7863929223328792
EPA_R7_WQX-05-NSH-1441,40.9872773,-95.5279083,IA7613,SHENANDOAH-1-NE,30.37377346128041
EPA_R7_WQX-01-UIA-274,43.332961,-91.852586,IA2110,DECORAH-2-N,8.198855890933583
EPA_R7_WQX-01-UIA-269,43.290366,-91.758971,IA2110,DECORAH-2-N,4.040513349032718
MESKWAKI_DNR-Site 7 Duplicate,41.9565,-92.5972,IA8296,TOLEDO,3.238216966077544
EPA_R7_WQX-05-NSH-1415,40.7856731,-95.3848908,IA7613,SHENANDOAH-1-NE,3.930629756468526
PCCB_WQX-977065,41.6118,-93.61242,IATDSM,Des Moines Area,9.76219417205928
EPA_R7_WQX-01-UIA-6558,43.27309993,-91.85072444,IA2110,DECORAH-2-N,9.436226443138969
EPA_R7_WQX-01-UIA-255,43.449387,-91.616143,IA2110,DECORAH-2-N,23.215549422793583
EPA_R7_WQX-01-UIA-265,43.311694,-91.620526,IA8755,WAUKON,16.29904713833987
EPA_R7_WQX-05-NSH-1412,40.60174359,-95.64562143,IA7613,SHENANDOAH-1-NE,38.385187276556856
EPA_R7_WQX-01-UIA-6569,43.391719,-92.100106,IA2110,DECORAH-2-N,36.47659128523365
EPA_R7_WQX-01-UIA-273,43.29834383,-91.81148874,IA2110,DECORAH-2-N,4.249523937653963
EPA_R7_WQX-01-UIA-250,43.392277,-91.461069,IA8755,WAUKON,13.758568220714139
EPA_R7_WQX-01-UIA-6556,43.24213004,-91.90360483,IA2110,DECORAH-2-N,16.244313299342505
EPA_R7_WQX-01-UIA-6557,43.30605999,-91.86369116,IA2110,DECORAH-2-N,9.43424188710727
EPA_R7_WQX-01-UIA-236,43.47449,-91.294889,IA8755,WAUKON,30.670907404286787
EPA_R7_WQX-01-UIA-266,43.317612,-91.670453,IA2110,DECORAH-2-N,12.183964449368574
EPA_R7_WQX-05-NOD-1391,40.7274349,-94.9797496,IA1533,CLARINDA,5.648418192003692
EPA_R7_WQX-01-MAQ-53,42.5277,-91.4428,IA5086,MANCHESTER-2,6.465705317834424
EPA_R7_WQX-01-MAQ-6561,42.586399,-91.387753,IA5086,MANCHESTER-2,14.677484426816374
EPA_R7_WQX-01-UIA-252,43.448662,-91.616818,IA2110,DECORAH-2-N,23.10668979021629
PCCB_WQX-977221,41.60163,-93.52805,IA2203,Des Moines Airport,15.726382797082264
EPA_R7_WQX-01-UIA-6596,43.272649,-91.780269,IA2110,DECORAH-2-N,5.265275933967182
EPA_R7_WQX-01-MAQ-54,42.54987942,-91.42478287,IA5086,MANCHESTER-2,9.314276323073445
EPA_R7_WQX-01-UIA-6600,43.25530069,-91.8690706,IA2110,DECORAH-2-N,12.241330490824401
EPA_R7_WQX-01-UIA-288,43.491535,-92.424176,IA6305,OSAGE,47.95463924871228
EPA_R7_WQX-01-UIA-280,43.434177,-91.947661,IA2110,DECORAH-2-N,22.555473097018957
EPA_R7_WQX-05-NSH-1414,40.6878387,-95.57703447,IA7613,SHENANDOAH-1-NE,27.245787666753426
EPA_R7_WQX-01-UIA-251,43.427027,-91.511279,IA8755,WAUKON,17.803642798423436
MESKWAKI_DNR-Site 1 Duplicate,41.9869,-92.7009,IA8296,TOLEDO,13.465342919814388
EPA_R7_WQX-05-TAR-1495,40.654303,-95.2206081,IA7613,SHENANDOAH-1-NE,20.058898940442447
EPA_R7_WQX-01-UIA-249,43.438883,-91.411467,IA8755,WAUKON,20.266244623071092
EPA_R7_WQX-01-UIA-272,43.291582,-91.809574,IA2110,DECORAH-2-N,4.560624638267453
EPA_R7_WQX-01-UIA-257,43.394987,-91.589686,IA8755,WAUKON,18.490739647082016
EPA_R7_WQX-05-NOD-1389,40.6593365,-95.0282728,IA1533,CLARINDA,6.748206968417404
EPA_R7_WQX-01-UIA-275,43.357634,-91.864801,IA2110,DECORAH-2-N,10.316305238793792
EPA_R7_WQX-01-UIA-254,43.48164867,-91.51801615,IA8755,WAUKON,23.910887910618918
PCCB_WQX-977068,41.57773,-93.60556,IATDSM,Des Moines Area,7.182507588018206
EPA_R7_WQX-05-TAR-1497,40.683924,-95.306209,IA7613,SHENANDOAH-1-NE,11.740546466148743
EPA_R7_WQX-01-NMQ-103,42.304402,-90.911659,IA1257,CASCADE,12.056909472034304
EPA_R7_WQX-01-MAQ-6560,42.61261269,-91.40793819,IA5086,MANCHESTER-2,16.53314704088732
EPA_R7_WQX-01-UIA-6554,43.24147295,-91.87855177,IA2110,DECORAH-2-N,14.011861920933509
EPA_R7_WQX-05-NOD-1388,40.61499901,-95.01999716,IA1533,CLARINDA,11.728437267405766
EPA_R7_WQX-01-UIA-260,43.36707285,-91.61834553,IA2110,DECORAH-2-N,18.721745819786534
EPA_R7_WQX-01-MAQ-15,42.184872,-90.977364,IA1257,CASCADE,13.651315997392711
EPA_R7_WQX-01-UIA-241,43.407071,-91.898068,IA2110,DECORAH-2-N,16.312493442062625
EPA_R7_WQX-01-UIA-6570,43.470215,-91.504301,IA8755,WAUKON,22.42627865133818
PCCB_WQX-977158,41.70921,-93.75556,IA2209,DES MOINES WSFO-JOHNSTON,4.680307531734866
PCCB_WQX-977070,41.68048,-93.66878,IA2209,DES MOINES WSFO-JOHNSTON,8.72344347616215
PCCB_WQX-977200,41.60991,-93.75517,IATDSM,Des Moines Area,14.144332533385745
